filename	label	accession	taxon_name	ncbi_name	strain_name	taxonomy
GCA_000091045.1.fna	Cryptococcus_neoformans_var._neoformans_JEC21	GCA_000091045.1	Cryptococcus neoformans	Cryptococcus neoformans var. neoformans JEC21	JEC21	Fungi;Basidiomycota;Tremellomycetes;Tremellales;Tremellaceae;Cryptococcus;Cryptococcus neoformans
GCA_000146045.2.fna	Saccharomyces_cerevisiae_S288C	GCA_000146045.2	Saccharomyces cerevisiae	Saccharomyces cerevisiae S288C	S288C	Fungi;Ascomycota;Saccharomycetes;Saccharomycetales;Saccharomycetaceae;Saccharomyces;Saccharomyces cerevisiae
GCA_000149205.2.fna	Aspergillus_nidulans_FGSC_A4	GCA_000149205.2	Aspergillus nidulans	Aspergillus nidulans FGSC A4	FGSC A4	Fungi;Ascomycota;Eurotiomycetes;Eurotiales;Aspergillaceae;Aspergillus;Aspergillus nidulans
GCA_000182565.2.fna	Spizellomyces_punctatus_DAOM_BR117	GCA_000182565.2	Spizellomyces punctatus	Spizellomyces punctatus DAOM BR117	DAOM BR117	Fungi;Chytridiomycota;Spizellomycetes;Spizellomycetales;Spizellomycetaceae;Spizellomyces;Spizellomyces punctatus
GCA_000271585.1.fna	Trametes_versicolor_FP-101664_SS1	GCA_000271585.1	Trametes versicolor	Trametes versicolor FP-101664 SS1	FP-101664 SS1	Fungi;Basidiomycota;Agaricomycetes;Polyporales;Coriolaceae;Trametes;Trametes versicolor
GCA_000697725.1.fna	Rhizopus_oryzae_99-892	GCA_000697725.1	Rhizopus oryzae	Rhizopus oryzae 99-892	99-892	Fungi;Mucoromycota;Mucoromycetes;Mucorales;Rhizopodaceae;Rhizopus;Rhizopus oryzae
